{
  "timestamp": "2026-02-07T10:51:47.008065",
  "processor_settings": {
    "adc_bits": 12,
    "vref": 3.6,
    "gain": 2.0,
    "sampling_rate": 200
  },
  "hrv_metrics": {
    "HRV_MeanNN": 757.077922077922,
    "HRV_SDNN": 24.99145445198073,
    "HRV_SDANN1": 0,
    "HRV_SDNNI1": 0,
    "HRV_SDANN2": 0,
    "HRV_SDNNI2": 0,
    "HRV_SDANN5": 0,
    "HRV_SDNNI5": 0,
    "HRV_RMSSD": 11.627440321113355,
    "HRV_SDSD": 11.700014994742228,
    "HRV_CVNN": 0.033010412433356486,
    "HRV_CVSD": 0.015358313830100837,
    "HRV_MedianNN": 755.0,
    "HRV_MadNN": 22.238999999999997,
    "HRV_MCVNN": 0.029455629139072844,
    "HRV_IQRNN": 30.0,
    "HRV_SDRMSSD": 2.14935134146427,
    "HRV_Prc20NN": 735.0,
    "HRV_Prc80NN": 780.0,
    "HRV_pNN50": 0.0,
    "HRV_pNN20": 6.493506493506493,
    "HRV_MinNN": 710.0,
    "HRV_MaxNN": 820.0,
    "HRV_HTI": 5.133333333333334,
    "HRV_TINN": 54.6875,
    "HRV_ULF": 0,
    "HRV_VLF": 0,
    "HRV_LF": 0.04080808237141319,
    "HRV_HF": 0.005070578733032658,
    "HRV_VHF": 0.00011350351674746071,
    "HRV_TP": 0.0459921646211933,
    "HRV_LFHF": 8.048012765400118,
    "HRV_LFn": 0.8872833602749962,
    "HRV_HFn": 0.11024875160357474,
    "HRV_LnHF": -5.284300319366341,
    "HRV_SD1": 8.273159942766517,
    "HRV_SD2": 34.304716825696545,
    "HRV_SD1SD2": 0.24116683384395007,
    "HRV_S": 891.6104130250969,
    "HRV_CSI": 4.146507146364338,
    "HRV_CVI": 3.6571452418796047,
    "HRV_CSI_Modified": 568.9790138870228,
    "HRV_PIP": 0.37662337662337664,
    "HRV_IALS": 0.3220338983050848,
    "HRV_PSS": 0.47368421052631576,
    "HRV_PAS": 0.1111111111111111,
    "HRV_GI": 48.09160305343511,
    "HRV_SI": 48.01770617353355,
    "HRV_AI": 48.16453146347609,
    "HRV_PI": 57.6271186440678,
    "HRV_C1d": 0.557177615571776,
    "HRV_C1a": 0.4428223844282237,
    "HRV_SD1d": 6.177917664283545,
    "HRV_SD1a": 5.507570547286101,
    "HRV_C2d": 0.4572728675695841,
    "HRV_C2a": 0.5427271324304159,
    "HRV_SD2d": 23.197519864468685,
    "HRV_SD2a": 25.27229052992247,
    "HRV_Cd": 0.46276825062605453,
    "HRV_Ca": 0.5372317493739457,
    "HRV_SDNNd": 16.974857798065436,
    "HRV_SDNNa": 18.289641904123524,
    "HRV_DFA_alpha1": 1.6742271703423208,
    "HRV_MFDFA_alpha1_Width": 1.0634511821578796,
    "HRV_MFDFA_alpha1_Peak": 1.8742754138703495,
    "HRV_MFDFA_alpha1_Mean": 1.8943466023625155,
    "HRV_MFDFA_alpha1_Max": 0.336633458705478,
    "HRV_MFDFA_alpha1_Delta": 0.11812388987516798,
    "HRV_MFDFA_alpha1_Asymmetry": -0.4811263659029096,
    "HRV_MFDFA_alpha1_Fluctuation": 0.00030741208354589705,
    "HRV_MFDFA_alpha1_Increment": 0.07082604211430196,
    "HRV_ApEn": 0.3286141267088243,
    "HRV_SampEn": 2.995732273553991,
    "HRV_ShanEn": 4.049771807183668,
    "HRV_FuzzyEn": 0.8483381315154312,
    "HRV_MSEn": 0.0,
    "HRV_CMSEn": 0.0,
    "HRV_RCMSEn": 0.0,
    "HRV_CD": 1.8047779555805048,
    "HRV_HFD": 1.3525522078492984,
    "HRV_KFD": 2.001645834070128,
    "HRV_LZC": 0.8138683819084287,
    "num_peaks": 78,
    "mean_rr_ms": 757.077922077922,
    "std_rr_ms": 24.828641940656055,
    "mean_hr_bpm": 79.25207993824513,
    "recording_duration_s": 58.295
  },
  "processing_notes": {
    "nan_values_replaced": 8,
    "nan_replacement_value": 0
  }
}